id,City,Country,Lat,Lng,Max Temp,Humidity,Cloudiness,Wind Speed,Current Description
0,Coihaique,CL,-45.5752,-72.0662,56.01,47,0,5.75,clear sky
1,Qasigiannguit,GL,68.8193,-51.1922,17.71,91,100,4.76,overcast clouds
2,Rikitea,PF,-23.1203,-134.9692,74.25,67,30,7.81,scattered clouds
3,Hasaki,JP,35.7333,140.8333,43.2,37,37,8.63,scattered clouds
4,Hithadhoo,MV,-0.6,73.0833,80.13,75,94,9.98,overcast clouds
5,Mahebourg,MU,-20.4081,57.7,74.25,81,49,11.18,light rain
6,Esperance,AU,-33.8667,121.9,65.86,54,35,14.76,scattered clouds
7,Doembang Nangbuat,TH,14.8333,100.1,70.05,67,30,7.52,scattered clouds
8,Hobart,AU,-42.8794,147.3294,53.22,87,75,16.11,broken clouds
9,Santa Cruz De Tenerife,ES,28.4682,-16.2546,68.61,83,75,15.01,broken clouds
10,Jamestown,US,42.097,-79.2353,32.18,43,100,5.01,overcast clouds
11,Atambua,ID,-9.1061,124.8925,83.88,62,94,2.35,overcast clouds
12,Bluff,NZ,-46.6,168.3333,63.81,82,29,16.04,scattered clouds
13,Albany,US,42.6001,-73.9662,28.63,74,11,4.0,few clouds
14,Vaini,TO,-21.2,-175.2,79.03,72,0,1.52,clear sky
15,Poum,NC,-20.2333,164.0167,79.86,69,0,5.48,clear sky
16,Longyearbyen,SJ,78.2186,15.6401,3.04,66,40,9.22,scattered clouds
17,Dikson,RU,73.5069,80.5464,4.5,93,100,9.6,overcast clouds
18,Bredasdorp,ZA,-34.5322,20.0403,68.88,92,60,3.31,broken clouds
19,Carnarvon,AU,-24.8667,113.6333,75.34,59,0,21.52,clear sky
20,Qaanaaq,GL,77.484,-69.3632,9.41,87,100,7.54,overcast clouds
21,Egvekinot,RU,66.3167,-179.1667,-11.97,94,100,8.1,overcast clouds
22,Kibala,TD,9.1104,18.3463,75.52,21,0,4.36,clear sky
23,Lagoa,PT,39.05,-27.9833,57.83,60,73,21.81,broken clouds
24,Punta Arenas,CL,-53.15,-70.9167,48.31,66,75,23.02,broken clouds
25,Petropavlovsk-Kamchatskiy,RU,53.0452,158.6483,34.39,87,100,11.18,light shower snow
26,Busselton,AU,-33.65,115.3333,72.41,50,0,11.07,clear sky
27,Neiafu,TO,-18.65,-173.9833,81.46,70,0,5.14,clear sky
28,Mataura,NZ,-46.1927,168.8643,63.48,40,4,3.27,clear sky
29,Paamiut,GL,61.994,-49.6678,17.42,69,100,6.55,overcast clouds
30,Vikhorevka,RU,56.1201,101.1636,-14.76,94,100,7.43,overcast clouds
31,Port Elizabeth,ZA,-33.918,25.5701,65.1,97,0,4.92,clear sky
32,Bambous Virieux,MU,-20.3428,57.7575,74.21,83,52,11.21,light rain
33,Kapaa,US,22.0752,-159.319,80.11,71,30,4.0,scattered clouds
34,Sioux Lookout,CA,50.1001,-91.917,28.81,89,100,11.61,snow
35,Menongue,AO,-14.6585,17.691,61.83,97,79,5.5,broken clouds
36,Saint-Augustin,CA,51.226,-58.6502,34.93,76,100,24.32,overcast clouds
37,Vila Franca Do Campo,PT,37.7167,-25.4333,57.61,62,75,20.71,broken clouds
38,Saint-Philippe,RE,-21.3585,55.7679,72.99,86,27,10.09,scattered clouds
39,Arraial Do Cabo,BR,-22.9661,-42.0278,72.36,68,0,8.79,clear sky
40,Rocha,UY,-34.4833,-54.3333,63.55,62,0,8.5,clear sky
41,Chapleau,CA,47.8405,-83.4034,20.55,79,100,9.37,overcast clouds
42,Gizo,SB,-8.103,156.8419,83.57,70,90,1.07,overcast clouds
43,Cape Town,ZA,-33.9258,18.4232,69.35,86,53,11.01,broken clouds
44,Victoria,HK,22.2855,114.1577,59.25,91,100,11.01,overcast clouds
45,Tigil,RU,57.8,158.6667,26.51,80,100,16.82,overcast clouds
46,Sabang,ID,5.8933,95.3214,75.88,91,100,12.24,overcast clouds
47,Ushuaia,AR,-54.8,-68.3,38.03,91,20,2.08,few clouds
48,Tevaitoa,PF,-16.7833,-151.5,79.81,79,100,18.7,light rain
49,Shorewood,US,41.52,-88.2017,43.74,96,100,12.66,light rain
50,Upernavik,GL,72.7868,-56.1549,21.76,77,100,9.44,overcast clouds
51,Yerbogachen,RU,61.2767,108.0108,-6.25,95,100,8.84,overcast clouds
52,Iqaluit,CA,63.7506,-68.5145,18.19,92,100,3.15,overcast clouds
53,Aklavik,CA,68.2191,-135.0107,7.29,91,100,15.19,overcast clouds
54,Yellowknife,CA,62.456,-114.3525,1.56,84,100,5.01,overcast clouds
55,Luderitz,NA,-26.6481,15.1594,63.9,98,46,3.8,scattered clouds
56,Hilo,US,19.7297,-155.09,81.28,92,41,4.0,scattered clouds
57,Guerrero Negro,MX,27.9769,-114.0611,60.12,49,15,9.44,few clouds
58,Ribeira Grande,PT,38.5167,-28.7,55.78,68,83,5.99,broken clouds
59,Yaan,NG,7.3833,8.5667,76.08,25,9,1.99,clear sky
60,Samarai,PG,-10.6167,150.6667,85.91,66,71,4.9,broken clouds
61,Margate,GB,51.3813,1.3862,35.69,89,4,4.0,clear sky
62,Mayo,US,38.8876,-76.5119,39.94,67,0,3.44,clear sky
63,Barrow,US,71.2906,-156.7887,-1.17,96,80,13.98,broken clouds
64,Carbonia,IT,39.1672,8.5222,56.01,95,67,3.91,broken clouds
65,Mitsamiouli,KM,-11.3847,43.2844,79.43,81,15,10.25,few clouds
66,Rassvet,RU,46.8333,40.75,28.65,81,100,7.47,overcast clouds
67,Riyadh,SA,24.6877,46.7219,65.37,39,89,9.1,overcast clouds
68,Orlik,RU,52.5178,99.825,-13.74,93,100,2.64,overcast clouds
69,Karaton,ID,-6.3424,106.1045,77.94,85,100,4.7,overcast clouds
70,Tuktoyaktuk,CA,69.4541,-133.0374,5.0,78,75,9.22,light snow
71,Praya,CV,14.9215,-23.5087,73.94,88,0,19.57,clear sky
72,Sao Jose Da Coroa Grande,BR,-8.8978,-35.1478,78.53,79,100,12.71,overcast clouds
73,Baghdad,IQ,33.3406,44.4009,61.34,69,100,9.64,light rain
74,San Quintin,MX,30.4833,-115.95,55.96,64,4,7.07,clear sky
75,Yulara,AU,-25.2406,130.9889,75.96,25,85,12.77,overcast clouds
76,Belaya Gora,RU,68.5333,146.4167,-41.98,99,51,3.98,broken clouds
77,Cidreira,BR,-30.1811,-50.2056,70.77,69,0,16.17,clear sky
78,Havelock,US,34.8791,-76.9013,46.94,78,100,1.99,overcast clouds
79,Butaritari,KI,3.0707,172.7902,81.34,75,7,6.11,clear sky
80,Aitape,PG,-3.1374,142.3475,81.84,80,100,3.09,overcast clouds
81,Poso,ID,-1.3959,120.7524,82.6,69,100,1.88,overcast clouds
82,Ballina,AU,-28.8667,153.5667,77.02,49,100,8.99,overcast clouds
83,Veraval,IN,20.9,70.3667,74.88,54,100,11.3,overcast clouds
84,Castro,BR,-24.7911,-50.0119,57.63,96,2,6.2,clear sky
85,Port Alfred,ZA,-33.5906,26.891,63.18,95,0,1.01,clear sky
86,Atuona,PF,-9.8,-139.0333,78.01,76,0,14.56,clear sky
87,Kodiak,US,57.79,-152.4072,35.11,100,75,3.44,mist
88,Grafton,US,42.207,-71.6856,32.25,72,0,12.66,clear sky
89,Lasa,IT,46.6166,10.7002,37.02,72,100,2.84,overcast clouds
90,East London,ZA,-33.0153,27.9116,68.76,89,2,8.39,clear sky
91,Macon,US,39.8667,-88.9668,49.75,96,100,5.44,moderate rain
92,Santa Fe,AR,-31.6333,-60.7,84.99,58,0,3.0,light rain
93,Saskylakh,RU,71.9167,114.0833,-21.91,98,43,6.98,scattered clouds
94,Gombe,NG,10.2897,11.1673,70.27,20,5,7.05,clear sky
95,Bereda,ES,43.2686,-7.5406,51.15,94,81,1.36,light rain
96,Georgetown,MY,5.4112,100.3354,82.24,83,20,0.0,few clouds
97,Ponta Do Sol,PT,32.6667,-17.1,65.03,83,30,19.98,scattered clouds
98,Richards Bay,ZA,-28.783,32.0377,72.9,97,77,4.41,broken clouds
99,Edd,ER,13.9297,41.6925,77.79,63,65,14.67,broken clouds
100,Cabog,PH,15.3153,121.3703,78.96,90,99,12.95,overcast clouds
101,Vuktyl,RU,63.8567,57.3094,24.37,68,44,15.79,scattered clouds
102,Bakong,CM,5.0935,10.4852,62.55,84,31,3.38,scattered clouds
103,Tessalit,ML,20.1986,1.0114,69.87,18,0,7.74,clear sky
104,Portland,US,45.5234,-122.6762,43.61,85,6,1.99,clear sky
105,Emba,KZ,48.8264,58.1442,11.3,83,3,7.05,clear sky
106,Linxia,CN,35.6003,103.2064,21.94,37,100,0.63,overcast clouds
107,Namibe,AO,-15.1961,12.1522,68.27,74,100,2.91,overcast clouds
108,Chokurdakh,RU,70.6333,147.9167,-21.23,98,100,7.45,overcast clouds
109,Norman Wells,CA,65.282,-126.8329,-0.09,97,99,1.81,overcast clouds
110,Naryan-Mar,RU,67.6713,53.087,20.57,85,100,23.24,overcast clouds
111,Bandarbeyla,SO,9.4942,50.8122,72.43,70,1,12.84,clear sky
112,Salalah,OM,17.0151,54.0924,72.45,65,15,3.0,few clouds
113,Touros,BR,-5.1989,-35.4608,78.69,79,78,11.7,broken clouds
114,Houston,US,29.7633,-95.3633,62.91,44,20,10.36,few clouds
115,Leshukonskoye,RU,64.8989,45.7622,22.73,91,100,14.41,light snow
116,Padang,ID,-0.9492,100.3543,73.45,73,100,2.17,light rain
117,Tasiilaq,GL,65.6145,-37.6368,21.36,59,59,8.01,broken clouds
118,Basoko,CD,1.2391,23.616,68.83,95,99,2.91,overcast clouds
119,Faanui,PF,-16.4833,-151.75,80.11,77,100,17.38,light rain
120,Matagami,CA,49.7502,-77.6328,6.39,100,83,3.89,broken clouds
121,Torbay,CA,47.6666,-52.7314,40.26,96,100,17.0,light rain
122,Sabla,NG,12.7525,4.7077,67.66,15,3,9.55,clear sky
123,Sorland,NO,67.667,12.6934,37.26,71,100,36.82,overcast clouds
124,Ixtapa,MX,20.7,-105.2,74.43,69,20,0.0,few clouds
125,Puerto Ayora,EC,-0.7393,-90.3518,70.56,95,66,6.46,broken clouds
126,General Roca,AR,-39.0333,-67.5833,71.62,28,0,17.85,clear sky
127,Coleraine,GB,55.1333,-6.6667,42.53,63,92,12.62,overcast clouds
128,Shahreza,IR,32.0339,51.8794,40.77,53,80,0.4,broken clouds
129,Deputatskiy,RU,69.3,139.9,-33.39,96,97,2.73,overcast clouds
130,Norrtalje,SE,59.758,18.705,18.01,93,100,5.03,overcast clouds
131,Lompoc,US,34.6391,-120.4579,55.02,76,0,3.44,clear sky
132,Port Keats,AU,-14.25,129.55,83.28,66,96,4.92,heavy intensity rain
133,Puerto Maldonado,PE,-12.6,-69.1833,78.1,77,56,2.68,broken clouds
134,Belozerskoye,RU,55.8214,65.5842,1.63,86,15,6.38,few clouds
135,Zemio,CF,5.0314,25.1361,68.52,70,10,1.99,clear sky
136,Tabou,CI,4.423,-7.3528,78.55,82,43,6.02,light rain
137,Severo-Kurilsk,RU,50.6789,156.125,32.07,98,100,17.27,snow
138,Jishou,CN,28.3167,109.7167,45.99,42,100,0.27,overcast clouds
139,Laguna,US,38.421,-121.4238,51.78,70,0,0.0,clear sky
140,Palmas,BR,-10.2128,-48.3603,72.61,97,100,2.01,light rain
141,Pisco,PE,-13.7,-76.2167,69.85,88,0,12.66,clear sky
142,Vestmannaeyjar,IS,63.4427,-20.2734,29.68,92,100,8.95,light snow
143,Bushehr,IR,28.9684,50.8385,68.83,60,3,5.44,clear sky
144,Ankang,CN,32.68,109.0172,43.41,70,73,0.54,broken clouds
145,Los Llanos De Aridane,ES,28.6585,-17.9182,64.15,64,20,8.05,few clouds
146,Pacific Grove,US,36.6177,-121.9166,52.56,78,0,10.0,clear sky
147,Lebu,CL,-37.6167,-73.65,59.34,93,7,7.09,clear sky
148,Springbok,ZA,-29.6643,17.8865,61.5,83,5,3.11,clear sky
149,Khatanga,RU,71.9667,102.5,-0.42,95,100,13.53,overcast clouds
150,Kruisfontein,ZA,-34.0033,24.7314,62.89,84,0,4.5,clear sky
151,Concordia,AR,-31.393,-58.0209,79.79,47,0,5.03,clear sky
152,Cherskiy,RU,68.75,161.3,-44.05,100,48,4.65,scattered clouds
153,Smithers,CA,54.7804,-127.1743,19.71,96,100,0.83,overcast clouds
154,Wanning,CN,18.8003,110.3967,63.82,83,100,9.75,overcast clouds
155,Ha Tinh,VN,18.3333,105.9,60.67,75,10,3.8,clear sky
156,Chapais,CA,49.7834,-74.8492,16.79,94,6,5.97,clear sky
157,Yauya,PE,-8.9833,-77.3,53.01,72,100,5.14,light rain
158,Hermanus,ZA,-34.4187,19.2345,67.8,89,89,6.58,overcast clouds
159,Houlton,US,46.1262,-67.8403,36.01,71,100,10.36,light rain
160,Ancud,CL,-41.8697,-73.8203,53.28,83,0,8.1,clear sky
161,Dakar,SN,14.6937,-17.4441,77.13,83,0,2.3,clear sky
162,Honiara,SB,-9.4333,159.95,83.86,75,79,3.6,broken clouds
163,Barranca,PE,-10.75,-77.7667,70.25,79,62,4.99,broken clouds
164,Dina,CA,52.9335,-110.0849,5.61,98,28,7.99,scattered clouds
165,Derzhavinsk,KZ,51.1,66.3167,3.97,85,5,14.58,clear sky
166,Maniitsoq,GL,65.4167,-52.9,21.34,83,100,9.95,overcast clouds
167,Kantunilkin,MX,21.0917,-87.45,73.58,88,3,3.38,clear sky
168,Fairbanks,US,64.8378,-147.7164,-7.91,77,75,3.44,light snow
169,Pipar,IN,26.3856,73.5378,57.24,35,0,7.83,clear sky
170,Hasanabad,IR,36.5465,61.0543,49.96,38,77,3.76,broken clouds
171,Kharp,RU,66.8014,65.8081,-2.54,93,61,1.77,broken clouds
172,Columbus,US,39.9612,-82.9988,41.68,94,100,12.66,mist
173,Caravelas,BR,-17.7125,-39.2481,72.14,74,100,11.54,overcast clouds
174,Mar Del Plata,AR,-38.0023,-57.5575,73.94,62,75,10.0,broken clouds
175,Hauterive,FR,46.0901,3.4459,45.36,91,46,2.62,scattered clouds
176,Cabo San Lucas,MX,22.8909,-109.9124,72.52,67,75,6.91,broken clouds
177,Inirida,CO,3.8653,-67.9239,73.11,94,22,3.02,few clouds
178,Necochea,AR,-38.5473,-58.7368,63.57,89,100,11.95,overcast clouds
179,Pangnirtung,CA,66.1451,-65.7125,20.25,97,100,2.48,light snow
180,Kaitangata,NZ,-46.2817,169.8464,63.54,71,26,8.08,scattered clouds
181,Santa Maria Del Oro,MX,25.9333,-105.3667,51.21,29,20,2.04,few clouds
182,Krasnoselkup,RU,65.7,82.4667,0.99,95,99,13.49,overcast clouds
183,Broome,US,42.2506,-75.833,22.17,87,0,4.61,clear sky
184,Kavieng,PG,-2.5744,150.7967,82.35,75,98,5.41,light rain
185,Shitanjing,CN,39.2342,106.3439,16.65,84,98,2.28,overcast clouds
186,Makakilo City,US,21.3469,-158.0858,80.92,62,0,14.97,clear sky
187,Salvador,SV,13.8333,-88.9167,71.06,89,0,2.24,clear sky
188,Maragogi,BR,-9.0122,-35.2225,78.46,78,100,12.12,overcast clouds
189,Masvingo,ZW,-20.0637,30.8277,67.57,76,57,3.53,broken clouds
190,Labuhan,ID,-6.8844,112.2051,83.37,70,56,4.23,light rain
191,Clyde River,CA,70.4692,-68.5914,23.23,80,100,31.07,light snow
192,Lodja,CD,-3.4833,23.4333,64.38,100,100,1.21,overcast clouds
193,Kangar,MY,6.4414,100.1986,77.25,85,45,8.48,scattered clouds
194,Cabedelo,BR,-6.9811,-34.8339,79.47,78,55,10.54,broken clouds
195,Beruwala,LK,6.4788,79.9828,75.76,84,99,2.95,overcast clouds
196,Luanda,AO,-8.8368,13.2343,77.0,88,75,5.75,light rain
197,Ilulissat,GL,69.2167,-51.1,23.02,63,100,8.05,overcast clouds
198,Sorong,ID,-0.8833,131.25,77.85,88,100,3.91,overcast clouds
199,Tiksi,RU,71.6872,128.8694,-30.19,98,59,7.56,broken clouds
200,Lazaro Cardenas,MX,17.9583,-102.2,75.61,77,6,6.08,clear sky
201,Zhezkazgan,KZ,47.8043,67.7144,6.87,88,8,10.56,clear sky
202,Remontnoye,RU,46.5614,43.6501,31.62,79,100,6.31,overcast clouds
203,El Naranjo,MX,21.4667,-98.6,67.62,61,0,6.76,clear sky
204,Haines Junction,CA,60.7522,-137.5108,22.75,97,100,2.71,light snow
205,San Patricio,US,28.017,-97.5169,69.66,32,0,9.82,clear sky
206,Nikolskoye,RU,59.7035,30.7861,28.29,87,100,14.09,overcast clouds
207,Broken Hill,AU,-31.95,141.4333,63.01,32,0,14.52,clear sky
208,Pilar,BR,-9.5972,-35.9567,75.13,78,100,8.93,overcast clouds
209,Srednekolymsk,RU,67.45,153.6833,-47.99,100,57,3.67,broken clouds
210,Poykovskiy,RU,61.2333,73.3333,-6.83,83,0,6.71,clear sky
211,San Policarpo,PH,12.1791,125.5072,82.62,80,100,12.84,overcast clouds
212,Krasnaya Gora,RU,52.9995,31.6023,22.55,88,100,11.63,overcast clouds
213,Hobyo,SO,5.3505,48.5268,76.21,72,7,15.97,clear sky
214,Radomsko,PL,51.0671,19.4448,21.51,97,100,5.39,light snow
215,Itoman,JP,26.1247,127.6694,66.58,59,75,14.97,broken clouds
216,Hailar,CN,49.2,119.7,-25.35,90,5,5.08,clear sky
217,New Norfolk,AU,-42.7826,147.0587,52.88,57,86,6.93,overcast clouds
218,Tyrma,RU,50.0833,132.1667,-17.43,85,100,6.82,overcast clouds
219,Souillac,MU,-20.5167,57.5167,75.69,81,69,10.29,broken clouds
220,Harrison,US,30.4091,-89.0436,73.42,94,100,12.66,overcast clouds
221,Krasavino,RU,60.9614,46.4814,23.34,92,100,10.38,overcast clouds
222,Assiniboia,CA,49.6334,-105.9845,14.81,95,100,12.77,light snow
223,Olafsvik,IS,64.8945,-23.7142,28.45,49,100,13.06,overcast clouds
224,Biltine,TD,14.5333,20.9167,69.82,16,40,12.71,scattered clouds
225,Valdivia,CL,-39.8142,-73.2459,60.89,96,1,1.43,clear sky
226,Mehamn,NO,71.0357,27.8492,15.75,86,20,8.05,few clouds
227,Mount Gambier,AU,-37.8333,140.7667,58.64,55,86,11.03,overcast clouds
228,Novosergiyevka,RU,52.0934,53.6528,11.75,83,97,7.09,overcast clouds
229,Avarua,CK,-21.2078,-159.775,77.05,88,75,12.66,moderate rain
230,Chuy,UY,-33.6971,-53.4616,65.93,64,0,12.21,light rain
231,Crateus,BR,-5.1783,-40.6775,84.49,43,100,4.0,overcast clouds
232,Gonnoi,GR,39.8667,22.4667,51.19,93,97,2.77,overcast clouds
233,Nemuro,JP,43.3236,145.575,28.15,48,1,30.85,clear sky
234,Khon Kaen,TH,16.5,102.0833,62.85,71,5,2.82,clear sky
235,Chinsali,ZM,-10.5414,32.0816,62.73,97,100,3.76,light rain
236,Fortuna,US,40.5982,-124.1573,45.99,86,0,0.0,clear sky
237,Klaksvik,FO,62.2266,-6.589,31.12,63,100,24.67,light snow
238,Dodola,ET,6.9833,39.1833,50.27,79,26,2.28,scattered clouds
239,Zhigansk,RU,66.7697,123.3711,-48.23,99,53,1.57,broken clouds
240,Lima,PE,-12.0432,-77.0282,75.9,65,0,14.97,clear sky
241,Kyabe,TD,9.4515,18.9449,75.36,19,1,4.72,clear sky
242,Kathmandu,NP,27.7167,85.3167,48.42,87,40,2.3,mist
243,Watsa,CD,3.0372,29.5355,61.68,95,10,2.1,clear sky
244,Csepreg,HU,47.401,16.7088,28.45,91,93,5.1,overcast clouds
245,Hamilton,US,39.1834,-84.5333,49.75,96,100,11.5,moderate rain
246,Boo,SE,59.3333,18.2833,17.76,91,99,2.3,overcast clouds
247,Hohhot,CN,40.8106,111.6522,8.8,40,31,8.61,scattered clouds
248,Polunochnoye,RU,60.8697,60.4153,-0.06,92,81,5.5,broken clouds
249,Kutum,SD,14.2,24.6667,57.69,26,6,6.26,clear sky
250,Vanimo,PG,-2.6741,141.3028,80.19,87,100,1.74,overcast clouds
251,Kurilsk,RU,45.2333,147.8833,26.71,68,100,34.92,light snow
252,Thompson,CA,55.7435,-97.8558,23.94,96,100,7.14,overcast clouds
253,Yar-Sale,RU,66.8333,70.8333,4.39,85,100,12.93,overcast clouds
254,Qandala,SO,11.472,49.8728,71.82,65,18,3.78,few clouds
255,Kisarazu,JP,35.3747,139.9225,50.05,41,20,5.66,few clouds
256,Kangaatsiaq,GL,68.3065,-53.4641,19.62,95,100,15.03,light snow
257,Port-Gentil,GA,-0.7193,8.7815,79.61,77,100,7.72,light rain
258,Vao,NC,-22.6667,167.4833,75.83,65,0,4.68,clear sky
259,Tala,EG,30.6803,30.9429,57.52,92,18,2.39,few clouds
260,Dongning,CN,44.0622,131.1207,6.85,46,0,12.46,clear sky
261,Bethel,US,41.3712,-73.414,32.9,65,0,6.91,clear sky
262,The Valley,AI,18.217,-63.0578,79.83,73,7,15.86,clear sky
263,Bogovarovo,RU,58.9785,47.0246,22.37,95,100,8.3,overcast clouds
264,Poya,NC,-21.35,165.15,85.15,57,11,4.74,few clouds
265,Villacarrillo,ES,38.1156,-3.0848,47.34,87,13,6.89,few clouds
266,Monclova,MX,26.9,-101.4167,69.28,32,0,1.99,clear sky
267,Suoyarvi,RU,62.0833,32.35,24.31,95,100,11.41,snow
268,Curuguaty,PY,-24.4694,-55.6945,69.78,68,0,3.87,clear sky
269,Murdochville,CA,48.9583,-65.5006,29.14,96,100,16.22,light snow
270,Panaba,MX,21.2833,-88.2667,78.31,69,4,13.42,clear sky
271,Pevek,RU,69.7008,170.3133,-33.09,99,75,7.67,broken clouds
272,Kavaratti,IN,10.5669,72.642,81.0,76,8,12.93,clear sky
273,Silver City,US,32.7701,-108.2803,31.96,78,0,10.36,clear sky
274,Kjollefjord,NO,70.9457,27.3465,21.25,86,20,8.05,few clouds
275,Saint George,US,37.1041,-113.5841,42.94,57,0,8.05,clear sky
276,Ajdabiya,LY,30.7554,20.2263,66.25,50,15,10.13,few clouds
277,Palana,RU,59.1167,159.9667,29.39,75,100,22.12,overcast clouds
278,Murgab,TM,37.4966,61.9714,46.08,41,0,0.94,clear sky
279,Kulhudhuffushi,MV,6.6221,73.07,80.62,75,74,9.84,broken clouds
280,Pavlovsk,RU,50.4578,40.1081,21.06,94,61,1.57,broken clouds
281,Wattegama,LK,6.7989,81.4808,71.49,88,94,2.84,overcast clouds
282,Unecha,RU,52.8459,32.6739,22.51,88,100,10.4,overcast clouds
283,Geraldton,AU,-28.7667,114.6,77.41,53,0,8.05,clear sky
284,Dryden,CA,49.7833,-92.7503,30.49,93,100,6.91,light snow
285,Sur,OM,22.5667,59.5289,72.97,54,0,11.36,clear sky
286,Zhaotong,CN,27.3167,103.7167,38.37,86,99,1.61,overcast clouds
287,Kota Tinggi,MY,1.7381,103.8999,79.14,77,100,4.12,moderate rain
288,Nanortalik,GL,60.1432,-45.2371,16.25,62,1,8.46,clear sky
289,Fernie,CA,49.5,-115.0687,17.37,99,92,1.3,overcast clouds
290,Sibolga,ID,1.7427,98.7792,77.92,82,37,1.66,scattered clouds
291,Antofagasta,CL,-23.65,-70.4,65.48,75,70,4.21,broken clouds
292,Kuala Terengganu,MY,5.3302,103.1408,75.69,89,100,3.94,light rain
293,Calvia,ES,39.5657,2.5062,63.21,92,100,17.74,overcast clouds
294,Hambantota,LK,6.1241,81.1185,71.94,100,75,4.61,broken clouds
295,Manado,ID,1.487,124.8455,79.57,89,40,2.3,scattered clouds
296,Vokhtoga,RU,58.8147,41.0461,12.34,96,91,7.38,overcast clouds
297,Codrington,AU,-38.2667,141.9667,56.61,57,100,14.97,overcast clouds
298,Fort Morgan,US,40.2503,-103.8,27.25,68,100,21.85,overcast clouds
299,Provideniya,RU,64.3833,-173.3,14.36,73,100,18.01,light snow
300,Boa Vista,BR,2.8197,-60.6733,80.58,74,0,9.22,clear sky
301,Roald,NO,62.5833,6.1333,33.33,75,86,4.07,light snow
302,Boyuibe,BO,-20.4167,-63.2833,74.97,73,73,4.54,broken clouds
303,Ahipara,NZ,-35.1667,173.1667,72.88,72,71,8.81,broken clouds
304,Karaidel,RU,55.8337,56.9069,2.34,90,19,4.14,few clouds
305,Sola,VU,-13.8833,167.55,81.75,66,18,8.97,few clouds
306,Moree,AU,-29.4667,149.85,72.45,22,44,12.64,scattered clouds
307,Ukiah,US,39.1502,-123.2078,50.43,75,0,0.0,clear sky
308,Karratha,AU,-20.7377,116.8463,91.06,20,0,14.38,clear sky
309,Nabire,ID,-3.3667,135.4833,80.4,87,100,1.52,light rain
310,De Aar,ZA,-30.6497,24.0123,69.57,56,0,7.18,clear sky
311,Cap Malheureux,MU,-19.9842,57.6142,74.46,89,21,1.01,light rain
312,Butka,RU,56.7179,63.7866,1.35,86,11,7.27,few clouds
313,Hirapur,IN,21.5333,79.7667,68.38,38,96,5.06,overcast clouds
314,Walsrode,DE,52.8667,9.6,23.02,64,3,6.44,clear sky
315,Okhotsk,RU,59.3833,143.3,6.3,75,100,13.49,overcast clouds
316,Kirakira,SB,-10.4544,161.9205,84.27,71,22,5.66,few clouds
317,Wakema,MM,16.6,95.1833,74.53,80,100,3.24,overcast clouds
318,Port Hedland,AU,-20.3167,118.5667,86.05,66,0,8.05,clear sky
319,Iracoubo,GF,5.4802,-53.2011,78.42,84,94,12.46,overcast clouds
320,Sao Joao Da Barra,BR,-21.6403,-41.0511,69.64,77,51,8.52,broken clouds
321,Krasnoborsk,RU,61.5598,45.934,23.41,87,100,9.82,overcast clouds
322,Port Augusta,AU,-32.5,137.7667,68.61,32,9,9.37,clear sky
323,Oktyabrskoye,RU,43.0645,44.7417,33.31,94,100,0.89,overcast clouds
324,Lisala,CD,2.15,21.5167,67.32,90,11,1.48,few clouds
325,Airai,TL,-8.9266,125.4092,73.87,57,100,1.25,overcast clouds
326,Rio Grande,BR,-32.035,-52.0986,69.15,68,0,15.7,clear sky
327,Najran,SA,17.4924,44.1277,56.28,50,100,1.86,overcast clouds
328,Anadyr,RU,64.75,177.4833,-8.9,84,40,8.95,mist
329,Tymovskoye,RU,50.8456,142.655,8.02,93,97,12.21,snow
330,Znamenka,RU,52.4167,41.4311,21.74,93,100,5.28,light snow
331,Ust-Maya,RU,60.4167,134.5333,-45.11,98,100,1.97,overcast clouds
332,Nelson Bay,AU,-32.7167,152.15,69.85,43,6,8.99,clear sky
333,Bireun,ID,5.203,96.7009,74.43,93,100,5.1,moderate rain
334,Baijiantan,CN,45.6333,85.1833,10.2,95,100,6.51,overcast clouds
335,Narsaq,GL,60.9167,-46.05,12.42,63,7,9.15,clear sky
336,Seymour,US,38.9592,-85.8903,53.58,96,100,5.99,moderate rain
337,Kaa-Khem,RU,51.6833,94.7333,-15.02,99,100,0.98,overcast clouds
338,Almaznyy,RU,48.0448,40.045,25.74,78,83,6.04,broken clouds
339,Rjukan,NO,59.8789,8.5941,22.05,84,100,6.42,overcast clouds
340,Cavalcante,BR,-13.7975,-47.4583,67.73,98,100,2.21,light rain
341,Fort Nelson,CA,58.8053,-122.7002,24.39,96,100,2.35,overcast clouds
342,Shenjiamen,CN,29.9576,122.298,48.47,52,0,5.59,clear sky
343,Yokadouma,CM,3.5167,15.05,67.55,70,6,1.86,clear sky
344,Coihueco,CL,-36.6167,-71.8333,68.74,52,0,9.22,clear sky
345,Hun,LY,29.1268,15.9477,66.61,39,0,5.86,clear sky
346,Rach Gia,VN,10.0167,105.0833,74.14,78,53,12.97,broken clouds
347,Tokur,RU,53.1333,132.9,-18.02,95,100,2.28,overcast clouds
348,Mercedes,AR,-34.6515,-59.4307,78.94,25,10,8.84,clear sky
349,Bubaque,GW,11.2833,-15.8333,82.29,55,0,6.35,clear sky
350,Hearst,CA,49.6835,-83.6665,13.42,96,100,4.97,overcast clouds
351,Benjamin Hill,MX,30.1667,-111.1,49.98,32,0,9.91,clear sky
352,Lensk,RU,60.7253,114.9278,-16.51,99,86,4.43,overcast clouds
353,Bathsheba,BB,13.2167,-59.5167,78.66,85,83,12.86,broken clouds
354,Gushikawa,JP,26.3544,127.8686,65.79,59,20,10.36,few clouds
355,Morro Da Fumaca,BR,-28.6508,-49.21,64.09,82,0,5.68,clear sky
356,Taoudenni,ML,22.6783,-3.9836,76.75,24,0,7.16,clear sky
357,Chegutu,ZW,-18.1302,30.1407,66.47,80,94,3.74,overcast clouds
358,Dongfeng,CN,42.6403,125.5118,3.0,50,0,12.77,clear sky
359,Mwinilunga,ZM,-11.7358,24.4293,58.32,97,89,1.97,overcast clouds
360,Pincher Creek,CA,49.4833,-113.952,9.95,93,22,3.2,few clouds
361,Hofn,IS,64.2539,-15.2082,25.07,60,97,14.52,overcast clouds
362,Puerto Colombia,CO,10.9878,-74.9547,78.89,83,100,19.64,overcast clouds
363,Pontes E Lacerda,BR,-15.2261,-59.3353,74.43,91,98,3.42,overcast clouds
364,Vaitape,PF,-16.5167,-151.75,80.13,77,100,17.4,light rain
365,Port Blair,IN,11.6667,92.75,79.02,70,100,11.36,overcast clouds
366,Zunyi,CN,27.6867,106.9072,42.58,39,100,2.64,overcast clouds
367,Langfang,CN,39.5097,116.6947,24.87,28,12,15.99,few clouds
368,Vrangel,RU,42.7297,133.0839,13.68,47,15,16.51,few clouds
369,Santa Ana,US,33.7456,-117.8678,59.52,62,0,6.91,clear sky
370,Palmer,US,42.1584,-72.3287,32.45,68,20,10.36,few clouds
371,Rayevskiy,RU,54.0658,54.9468,1.18,96,11,5.01,few clouds
372,Abha,SA,18.2164,42.5053,50.25,82,0,0.0,clear sky
373,Oga,IT,46.4631,10.347,16.34,70,100,1.88,overcast clouds
374,Spornoye,RU,50.8448,37.2913,20.01,94,23,3.98,few clouds
375,Talnakh,RU,69.4865,88.3972,-5.8,99,100,11.81,light snow
376,Basco,PH,20.4487,121.9702,78.71,76,56,25.12,broken clouds
377,Beira,MZ,-19.8436,34.8389,76.17,90,18,6.15,few clouds
378,Kinwat,IN,19.6333,78.2,68.31,68,59,3.0,broken clouds
379,Urrao,CO,6.3152,-76.1342,57.92,98,100,2.1,overcast clouds
380,Imeni Poliny Osipenko,RU,52.4201,136.4853,6.8,81,100,15.39,overcast clouds
381,Constitucion,CL,-35.3333,-72.4167,59.65,82,0,13.94,clear sky
382,Tarpon Springs,US,28.1461,-82.7568,75.13,81,0,5.01,clear sky
383,Inuvik,CA,68.3499,-133.7218,-1.44,84,100,3.44,light snow
384,Vila Velha,BR,-20.3297,-40.2925,73.94,74,0,9.22,clear sky
385,Muros,ES,42.7762,-9.0603,55.09,93,100,6.76,overcast clouds
386,Khani,GE,41.9563,42.9566,38.77,71,100,4.07,overcast clouds
387,Ankazoabo,MG,-22.2833,44.5167,69.17,86,99,0.69,overcast clouds
388,Ginda,IN,30.6945,78.4932,44.87,10,0,8.25,clear sky
389,Novokuznetsk,RU,53.7557,87.1099,-18.81,75,53,2.08,broken clouds
390,Champerico,GT,14.3,-91.9167,78.84,74,6,6.02,clear sky
391,Kitimat,CA,54.0524,-128.6534,27.91,35,95,2.46,overcast clouds
392,Yagodnoye,RU,62.55,149.6667,-20.13,78,100,2.68,overcast clouds
393,Pokhara,NP,28.2333,83.9833,52.95,28,15,4.59,few clouds
394,Tolstoy-Yurt,RU,43.4444,45.7722,37.72,100,100,0.0,light rain
395,Mastic Beach,US,40.7668,-72.8521,35.01,68,0,12.66,clear sky
396,Bara,NG,10.3744,10.7288,67.87,22,7,6.96,clear sky
397,Villarrica,PY,-25.75,-56.4333,71.82,49,0,4.14,clear sky
398,Xai-Xai,MZ,-25.0519,33.6442,74.68,86,85,5.32,overcast clouds
399,Cradock,ZA,-32.1642,25.6192,65.55,83,0,2.06,clear sky
400,Buraydah,SA,26.326,43.975,68.68,44,86,3.91,overcast clouds
401,Gaimersheim,DE,48.807,11.368,28.18,82,75,3.44,heavy snow
402,Villa Altagracia,DO,18.673,-70.171,71.11,92,23,3.13,few clouds
403,Bud,US,39.447,-86.1758,50.9,98,100,13.58,moderate rain
404,Along,IN,28.1667,94.7667,57.31,69,100,1.28,overcast clouds
405,Vilhena,BR,-12.7406,-60.1458,69.98,95,100,3.02,light rain
406,Havoysund,NO,70.9963,24.6622,21.43,85,96,7.43,light snow
407,Marzuq,YE,14.4,46.4667,57.49,54,5,1.43,clear sky
408,Sibu,MY,2.3,111.8167,77.25,91,73,2.48,broken clouds
409,Morondava,MG,-20.2833,44.2833,76.17,82,5,5.75,clear sky
410,Itainopolis,BR,-7.4469,-41.4783,81.03,49,100,3.15,overcast clouds
411,Beringovskiy,RU,63.05,179.3167,-8.23,95,6,6.67,clear sky
412,Atasu,KZ,48.6814,71.6433,0.73,74,0,11.16,clear sky
413,Fukue,JP,32.6881,128.8419,47.86,57,96,12.95,overcast clouds
414,Olean,US,42.0776,-78.4297,30.88,74,0,9.22,clear sky
415,Kedrovyy,RU,56.1667,91.8167,-8.14,98,100,2.89,overcast clouds
416,Niquero,CU,20.0431,-77.5828,75.07,74,1,8.59,clear sky
417,Asfi,MA,32.2994,-9.2372,63.91,77,0,23.55,light rain
418,Lichinga,MZ,-13.3128,35.2406,61.18,96,100,5.21,overcast clouds
419,Apastovo,RU,55.2029,48.5109,16.27,97,84,6.22,broken clouds
420,Quatre Cocos,MU,-20.2078,57.7625,74.08,83,54,11.03,light rain
421,Buckeye,US,33.3703,-112.5838,52.47,56,0,4.61,clear sky
422,Rehoboth,NA,-23.3167,17.0833,69.62,40,100,3.6,overcast clouds
423,Lorengau,PG,-2.0226,147.2712,79.54,83,99,6.11,overcast clouds
424,Centenario Do Sul,BR,-22.8211,-51.5953,67.05,81,4,8.86,clear sky
425,Bengkulu,ID,-3.8004,102.2655,77.58,72,100,3.8,overcast clouds
426,Lata,PT,40.1629,-8.3327,53.08,91,100,7.38,overcast clouds
427,Saint-Georges,GD,12.0564,-61.7485,76.62,89,10,11.27,light rain
428,Chilca,PE,-12.5211,-76.7372,69.87,82,100,7.58,overcast clouds
429,Date,JP,42.4681,140.8681,26.08,72,100,26.96,light snow
430,Hof,DE,50.3167,11.9167,19.62,85,98,3.44,overcast clouds
431,Sabha,LY,27.0377,14.4283,62.8,37,0,2.06,clear sky
432,Rojhan,PK,28.6868,69.9534,58.19,40,0,2.19,clear sky
433,Coquimbo,CL,-29.9533,-71.3436,62.33,88,0,3.44,clear sky
434,Berbera,SO,10.4396,45.0143,72.63,74,1,6.08,clear sky
435,Ponta Delgada,PT,37.7333,-25.6667,57.92,58,20,13.8,few clouds
436,Chitral,PK,35.8462,71.7858,36.55,35,0,8.72,clear sky
437,Kigoma,TZ,-4.8769,29.6267,70.83,84,43,3.87,scattered clouds
438,Yaring,TH,6.8662,101.3689,78.8,82,53,10.74,broken clouds
439,Lavrentiya,RU,65.5833,-171.0,10.45,89,84,8.88,broken clouds
440,Mazatlan,MX,23.2167,-106.4167,69.03,77,0,7.0,clear sky
441,Lamar,US,33.6668,-95.5836,46.36,74,0,9.22,clear sky
442,Tilichiki,RU,60.4667,166.1,8.65,93,100,10.58,light snow
443,Cotonou,BJ,6.3654,2.4183,80.31,80,51,9.71,broken clouds
444,Vulcan,RO,45.3833,23.2667,31.05,93,100,3.22,light snow
445,Boyolangu,ID,-8.1181,111.8935,81.36,77,92,5.55,overcast clouds
446,Robertsport,LR,6.7533,-11.3686,80.1,80,8,6.62,clear sky
447,Cayenne,GF,4.9333,-52.3333,78.84,83,0,6.91,clear sky
448,Sukumo,JP,32.9333,132.7333,45.19,62,83,11.23,broken clouds
449,Azare,NG,11.6765,10.1948,65.25,18,12,6.46,few clouds
450,Seddon,AU,-37.8068,144.8916,61.3,69,91,3.0,light rain
451,Kuzino,RU,57.0224,59.4412,0.73,98,18,3.29,few clouds
452,Vanderhoof,CA,54.0166,-124.0198,10.65,98,100,2.13,overcast clouds
453,Bilma,NE,18.6853,12.9164,67.08,16,1,5.99,clear sky
454,Bairiki,KI,1.3292,172.9752,86.0,66,20,5.75,few clouds
455,Kaabong,UG,3.4836,34.1492,64.85,64,7,7.7,clear sky
456,Madang,PG,-5.2246,145.7966,82.63,70,100,3.83,overcast clouds
457,Manaure,CO,11.7751,-72.4445,79.27,80,100,16.78,overcast clouds
458,Arlit,NE,18.7369,7.3853,70.02,22,0,9.15,clear sky
459,Northam,GB,51.0333,-4.2167,28.26,73,1,10.11,clear sky
460,Banda Aceh,ID,5.5577,95.3222,74.35,91,100,6.4,overcast clouds
461,Kon Tum,VN,14.35,108.0,66.78,74,6,2.82,clear sky
462,Isangel,VU,-19.55,169.2667,81.03,61,57,3.2,broken clouds
463,Buin,CL,-33.7333,-70.75,79.43,47,0,1.83,clear sky
464,Tuatapere,NZ,-46.1333,167.6833,71.06,57,9,5.95,clear sky
465,Kahului,US,20.8947,-156.47,84.22,62,20,16.11,few clouds
466,Praia,CV,14.9215,-23.5087,73.94,88,0,19.57,clear sky
467,Sarkand,KZ,45.41,79.9186,11.43,61,0,6.85,clear sky
468,Port Macquarie,AU,-31.4333,152.9167,75.88,27,0,10.42,clear sky
469,Nueva Helvecia,UY,-34.3,-57.2333,73.6,40,0,8.16,clear sky
470,Traverse City,US,44.7631,-85.6206,35.67,58,100,17.27,overcast clouds
471,Fountain Hills,US,33.6117,-111.7174,50.49,59,0,1.01,clear sky
472,Safaga,EG,26.7292,33.9365,68.59,58,0,10.22,clear sky
473,Conceicao Da Barra,BR,-18.5933,-39.7322,69.96,82,100,5.39,overcast clouds
474,Ornskoldsvik,SE,63.2909,18.7153,-8.45,84,23,3.44,few clouds
475,Bambui,BR,-20.0064,-45.9769,68.59,77,100,5.17,overcast clouds
476,Ewa Beach,US,21.3156,-158.0072,82.85,62,0,14.97,clear sky
477,Maceio,BR,-9.6658,-35.7353,76.44,94,0,8.05,clear sky
478,Estevan,CA,49.1334,-102.9842,10.74,95,100,17.18,light snow
479,Flinders,AU,-34.5833,150.8552,72.18,42,32,11.01,scattered clouds
480,Santa Rosa De Aguan,HN,15.95,-85.7167,79.83,76,1,14.45,clear sky
481,Pochutla,MX,15.7432,-96.4661,77.83,83,0,4.92,clear sky
482,Tiznit,MA,29.5833,-9.5,59.18,87,0,7.11,clear sky
483,Raduzhnyy,RU,62.0961,77.475,-2.74,97,75,9.08,broken clouds
484,Ketchikan,US,55.3422,-131.6461,39.18,93,100,3.44,mist
485,Le Port,RE,-20.9373,55.2919,76.96,71,8,4.45,clear sky
486,Miedzyrzecz,PL,52.4446,15.578,18.68,89,7,1.92,clear sky
487,Ust-Kuyga,RU,70.0167,135.6,-42.18,99,96,5.99,overcast clouds
488,Shelburne,CA,44.0787,-80.2041,25.59,85,100,12.3,overcast clouds
489,Itarema,BR,-2.9248,-39.9167,79.09,80,100,13.11,overcast clouds
490,Parakou,BJ,9.3372,2.6303,72.46,22,5,4.72,clear sky
491,Pak Thong Chai,TH,14.7226,102.0251,61.11,71,48,3.96,scattered clouds
492,Ningbo,CN,29.8782,121.5495,43.38,58,0,4.16,clear sky
493,Palu,ID,-0.8917,119.8707,79.39,87,91,0.16,overcast clouds
494,Gafanha Da Encarnacao,PT,40.6181,-8.733,55.06,94,100,12.39,overcast clouds
495,Bull Savanna,JM,17.8868,-77.5902,73.58,81,50,9.44,scattered clouds
496,Nerchinskiy Zavod,RU,51.3088,119.61,-38.34,98,38,1.68,scattered clouds
497,Eshowe,ZA,-28.8865,31.4699,65.05,96,6,2.1,clear sky
498,Bahia Blanca,AR,-38.7196,-62.2724,67.28,64,34,15.73,scattered clouds
499,Canavieiras,BR,-15.675,-38.9472,71.74,95,100,8.75,overcast clouds
500,Banjarmasin,ID,-3.3244,114.591,82.58,74,38,3.31,scattered clouds
501,Phangnga,TH,8.4509,98.5298,78.84,85,54,5.77,broken clouds
502,Shu,KZ,43.5983,73.7614,10.2,89,5,2.84,clear sky
503,Raichur,IN,16.2,77.3667,68.41,90,2,4.27,clear sky
504,Praia Da Vitoria,PT,38.7333,-27.0667,55.76,77,87,22.03,overcast clouds
505,Marsh Harbour,BS,26.5412,-77.0636,74.55,69,1,14.79,clear sky
506,Coxim,BR,-18.5067,-54.76,80.46,70,99,3.65,overcast clouds
507,Acajutla,SV,13.5928,-89.8275,76.93,79,0,4.68,clear sky
508,Altus,US,34.6381,-99.334,41.52,61,0,5.75,clear sky
509,Marawi,PH,7.9986,124.2928,75.58,77,96,1.77,overcast clouds
510,Paita,PE,-5.0892,-81.1144,68.32,83,62,11.12,broken clouds
511,Kozhva,RU,65.1073,57.0459,22.8,72,0,15.77,clear sky
512,Oussouye,SN,12.485,-16.5469,66.38,36,3,6.11,clear sky
513,Galesong,ID,-5.3166,119.3661,82.42,79,100,4.03,overcast clouds
514,Ishigaki,JP,24.3448,124.1572,68.85,80,100,21.68,overcast clouds
515,Vakhrushev,RU,48.9833,142.9667,11.77,75,100,14.45,overcast clouds
516,Port Hardy,CA,50.6996,-127.4199,37.58,87,100,3.44,overcast clouds
517,Bagdarin,RU,54.4333,113.6,-12.93,88,100,1.66,overcast clouds
518,Aksu,CN,41.1231,80.2644,20.01,60,0,4.61,clear sky
519,Lenger,KZ,42.183,69.8839,31.44,71,84,8.84,broken clouds
520,Asau,RO,46.4333,26.4,34.29,77,100,4.38,overcast clouds
521,Portobelo,PA,9.55,-79.65,80.04,87,45,11.72,light rain
522,Tazovskiy,RU,67.4667,78.7,-2.22,96,99,10.89,overcast clouds
523,Saint-Pierre,RE,-21.3393,55.4781,75.9,64,0,5.75,clear sky
524,Shihezi,CN,44.3,86.0333,4.01,95,100,3.53,overcast clouds
525,Sechura,PE,-5.5569,-80.8222,70.27,73,83,11.01,broken clouds
526,Boguchany,RU,58.3814,97.4531,-22.85,100,42,1.83,scattered clouds
527,Mackenzie,CA,55.2999,-123.1698,16.02,86,100,5.75,overcast clouds
528,Sheridan,US,44.8333,-106.9173,23.38,84,100,18.41,overcast clouds
529,Pitimbu,BR,-7.4706,-34.8086,79.39,78,19,10.58,few clouds
530,Sao Filipe,CV,14.8961,-24.4956,79.29,53,19,11.25,few clouds
531,College,US,64.8569,-147.8028,-5.48,77,75,4.61,light snow
532,Leningradskiy,RU,69.3833,178.4167,-26.84,94,36,5.19,scattered clouds
533,Petropavlovka,RU,50.6114,105.3196,-3.66,87,100,4.9,overcast clouds
534,Brownwood,US,31.7093,-98.9912,45.97,52,20,5.75,few clouds
535,Port Lincoln,AU,-34.7333,135.8667,59.54,59,100,13.42,overcast clouds
536,Kipen,RU,59.6765,29.8531,27.25,91,100,18.43,light snow
537,Bhuj,IN,23.2667,69.6667,66.54,65,58,7.29,broken clouds
538,Nyurba,RU,63.2842,118.3319,-41.24,100,100,2.75,overcast clouds
539,Cap-Aux-Meules,CA,47.3821,-61.8597,36.84,97,100,32.7,overcast clouds
540,Ushibuka,JP,32.1906,130.0228,47.62,60,83,15.39,broken clouds
541,Bom Jesus,BR,-9.0744,-44.3586,78.8,54,100,2.57,overcast clouds
542,Aquin,HT,18.2833,-73.4,73.94,82,3,3.22,clear sky
543,Merced,US,37.1666,-120.7516,51.3,76,71,1.99,broken clouds
544,Sulangan,PH,11.1373,123.7228,81.43,81,78,13.29,broken clouds
545,Teya,RU,60.3778,92.6267,-11.4,100,100,2.91,overcast clouds
546,Benguela,AO,-12.5763,13.4055,75.34,79,100,0.92,overcast clouds
547,Mayumba,GA,-3.432,10.6554,74.75,88,78,2.73,broken clouds
548,Harper,LR,4.375,-7.7169,78.85,81,74,5.41,light rain
549,Adet,ET,11.2644,37.4888,54.45,56,52,3.24,broken clouds
550,Meulaboh,ID,4.1363,96.1285,73.8,94,100,6.46,overcast clouds
551,Farafangana,MG,-22.8167,47.8333,71.58,90,79,4.36,light rain
552,Tautira,PF,-17.7333,-149.15,80.1,78,97,19.01,light rain
553,Ibiapina,BR,-3.9233,-40.8894,70.57,69,100,3.29,overcast clouds
554,Wakkanai,JP,45.4094,141.6739,22.98,74,75,31.07,light snow
555,Rio Gallegos,AR,-51.6226,-69.2181,55.45,54,75,23.02,broken clouds
556,Batagay-Alyta,RU,67.8006,130.4114,-33.54,89,51,3.44,broken clouds
557,Vangaindrano,MG,-23.35,47.6,69.19,94,76,3.22,broken clouds
558,Komsomolskiy,UZ,40.4272,71.7189,29.12,93,100,0.0,fog
559,Saldanha,ZA,-33.0117,17.9442,66.25,98,63,12.73,broken clouds
560,Novyy Urgal,RU,51.0736,132.5642,-10.34,86,100,3.38,overcast clouds
561,Sept-Iles,CA,50.2001,-66.3821,36.12,69,75,16.11,broken clouds
562,Marienburg,PL,54.0359,19.0266,17.04,96,28,4.25,scattered clouds
563,Jacareacanga,BR,-6.2222,-57.7528,73.35,98,100,3.44,overcast clouds
564,Marsa Matruh,EG,31.3525,27.2453,64.8,55,9,8.79,clear sky
565,Luwuk,ID,-0.9516,122.7875,82.4,74,100,2.51,moderate rain
566,Gorontalo,ID,0.5412,123.0595,79.14,90,100,1.5,overcast clouds
567,Newala,TZ,-10.9431,39.2787,66.04,97,100,3.4,overcast clouds
568,Miraflores,MX,19.2167,-98.8083,64.02,59,19,4.05,few clouds
569,Mexico,PH,15.0646,120.7198,82.11,74,100,7.81,overcast clouds
570,Sao Paulo De Olivenca,BR,-3.3783,-68.8725,73.33,97,100,1.03,overcast clouds
571,Baoqing,CN,46.3317,132.2111,0.45,56,0,13.87,clear sky
572,Creel,MX,27.75,-107.6333,33.35,40,3,5.79,clear sky
573,Jinka,ET,5.65,36.65,66.88,55,81,1.23,broken clouds
574,Bhachau,IN,23.2833,70.35,69.51,46,96,8.84,overcast clouds
575,Juneau,US,58.3019,-134.4197,41.22,97,100,6.91,light rain
576,Nagaur,IN,27.2,73.7333,54.64,39,0,4.5,clear sky
577,Sambava,MG,-14.2667,50.1667,73.99,88,77,9.06,broken clouds
578,Kasongo-Lunda,CD,-6.4667,16.8167,65.16,98,65,0.94,broken clouds
579,Ghanzi,BW,-21.5667,21.7833,71.98,68,100,3.85,light rain
580,Lotofaga,WS,-13.9764,-171.8578,83.98,77,100,13.85,light rain
581,Lewiston,US,44.1003,-70.2148,40.05,70,75,16.11,broken clouds
582,Coos Bay,US,43.3665,-124.2179,43.14,92,0,3.44,clear sky
583,Tatawin,TN,32.9297,10.4518,66.9,48,0,9.37,clear sky
584,Atar,MR,20.5169,-13.0499,74.3,28,0,6.38,clear sky
585,Warangal,IN,18.0,79.5833,69.1,92,0,3.76,clear sky
586,Fort Myers Beach,US,26.452,-81.9481,75.27,80,0,5.99,clear sky
587,Maamba,ZM,-17.3667,27.15,69.42,86,66,1.88,light rain
588,Kamaishi,JP,39.2667,141.8833,34.66,66,88,9.1,light snow
589,Half Moon Bay,US,37.4636,-122.4286,52.61,76,20,6.91,few clouds
590,Brae,GB,60.3964,-1.353,41.32,66,97,19.3,light rain
591,Hovd,MN,48.0056,91.6419,-4.09,74,1,6.58,clear sky
592,Taltal,CL,-25.4,-70.4833,68.11,79,30,4.23,scattered clouds
593,Visnes,NO,59.3556,5.2242,30.22,86,100,3.44,overcast clouds
594,Chiang Kham,TH,19.5233,100.3,65.3,88,9,1.03,clear sky
595,Mangrol,IN,21.1167,70.1167,74.35,51,100,10.6,overcast clouds
596,Sokur,RU,55.2093,83.319,-19.46,100,21,0.49,few clouds
597,La Ronge,CA,55.1001,-105.2842,15.55,94,100,9.01,overcast clouds
598,Vanavara,RU,60.34,102.2797,-21.42,96,5,3.85,clear sky
599,Bangassou,CF,4.7413,22.8184,67.37,79,17,1.61,few clouds
600,Biloli,IN,18.7667,77.7333,70.61,77,98,3.51,overcast clouds
601,Ahuimanu,US,21.4447,-157.8378,82.11,62,40,12.66,scattered clouds
602,Teterow,DE,53.7833,12.5667,15.96,97,55,4.5,broken clouds
603,Riberalta,BO,-10.9833,-66.1,80.73,67,99,2.15,overcast clouds
604,Korla,CN,41.7597,86.1469,23.31,57,0,7.2,clear sky
605,Ulaangom,MN,49.9811,92.0667,-14.51,83,61,3.31,broken clouds
606,Turukhansk,RU,65.8167,87.9833,-2.78,97,100,14.85,light snow
607,Skjervoy,NO,70.0311,20.9714,32.0,69,100,12.53,overcast clouds
608,Manzhouli,CN,49.6,117.4333,-18.53,90,4,9.95,clear sky
609,Anqing,CN,30.5092,117.0506,44.62,39,0,1.52,clear sky
610,Chaupal,IN,30.95,77.5833,38.08,18,0,4.88,clear sky
611,Swarzedz,PL,52.4129,17.085,19.72,91,54,1.14,mist
612,Baffa,PK,34.4378,73.2194,48.79,22,8,5.97,clear sky
613,Winnemucca,US,40.973,-117.7357,28.45,80,100,3.44,overcast clouds
614,Zhangye,CN,38.9342,100.4517,13.75,63,10,4.43,clear sky
615,Camacha,PT,33.0833,-16.3333,62.02,68,40,25.32,scattered clouds
616,Bacolod,PH,10.6667,122.95,83.8,73,91,9.73,overcast clouds
617,Kodinsk,RU,58.6881,99.1844,-28.3,100,10,2.8,clear sky
618,Baykit,RU,61.67,96.37,-30.3,100,95,2.13,overcast clouds
619,Antalaha,MG,-14.9003,50.2788,72.12,85,22,5.37,few clouds
620,Akureyri,IS,65.6835,-18.0878,4.93,85,20,2.3,few clouds
621,Ust-Ilimsk,RU,58.0006,102.6619,-28.07,100,84,3.65,broken clouds
622,Turan,VN,16.0678,108.2208,71.58,64,75,3.44,broken clouds
623,Nouadhibou,MR,20.931,-17.0347,69.78,78,0,13.8,clear sky
624,Cockburn Town,TC,21.4612,-71.1419,77.34,68,0,11.48,clear sky
625,Mormugao,IN,15.4,73.8,74.46,88,40,3.44,scattered clouds
626,Santa Rosa,PH,14.3122,121.1114,82.38,82,88,13.18,light rain
627,Beyneu,KZ,45.3167,55.2,32.83,87,73,8.5,broken clouds
628,Sitka,US,57.0531,-135.33,46.29,76,100,10.36,haze
629,Faya,SA,18.3851,42.4509,51.91,73,41,1.92,scattered clouds
630,San Julian,MX,21.0167,-102.1667,56.44,26,8,7.38,clear sky
631,Qaqortoq,GL,60.7167,-46.0333,11.89,64,11,9.28,few clouds
632,Tiruppur,IN,11.1,77.35,72.75,95,23,2.51,few clouds
633,Monterey,US,36.2505,-121.2516,43.9,64,78,2.06,broken clouds
634,Hualmay,PE,-11.0964,-77.6139,70.07,81,89,6.24,overcast clouds
635,Nhulunbuy,AU,-12.2333,136.7667,93.81,46,75,5.75,broken clouds
636,Bolu,TR,40.6667,31.5833,42.31,92,58,5.41,broken clouds
637,Olga,RU,43.7444,135.2892,8.4,52,0,14.43,clear sky
638,Ejido,VE,8.5514,-71.2375,64.45,89,100,6.13,overcast clouds
639,Abu Dhabi,AE,24.4667,54.3667,69.96,80,0,0.0,clear sky
640,Kindia,GN,10.0569,-12.8658,67.91,60,100,1.9,overcast clouds
641,Tefe,BR,-3.3542,-64.7114,73.98,96,100,2.53,overcast clouds
642,Monte Santo,BR,-10.4378,-39.3328,77.34,38,94,5.19,overcast clouds
643,Calabozo,VE,8.9242,-67.4293,80.55,62,96,3.62,overcast clouds
644,Mount Isa,AU,-20.7333,139.5,87.57,14,100,9.22,overcast clouds
645,Greymouth,NZ,-42.4667,171.2,63.86,74,100,0.38,overcast clouds
646,San Cristobal,VE,7.7669,-72.225,66.38,97,51,2.86,broken clouds
647,Semey,KZ,50.4111,80.2275,-25.38,75,40,0.0,scattered clouds
648,Chippewa Falls,US,44.9369,-91.3929,35.78,95,100,13.8,snow
649,Taywarah,AF,33.35,64.4167,31.5,40,100,3.8,overcast clouds
650,Quelimane,MZ,-17.8786,36.8883,74.41,85,5,3.78,clear sky
651,North Bend,US,43.4065,-124.2243,43.07,92,0,3.44,clear sky
652,Trinidad,BO,-14.8333,-64.9,77.79,83,97,3.29,overcast clouds
653,Gamba,GA,-2.65,10.0,74.88,89,100,3.02,overcast clouds
654,Linkoping,SE,58.4109,15.6216,23.38,86,100,4.61,overcast clouds
655,Kazachinskoye,RU,57.6953,93.2761,-2.69,91,100,6.02,overcast clouds
656,Ostashkov,RU,57.1467,33.1075,16.09,89,19,9.93,few clouds
657,Stromness,GB,58.965,-3.296,39.16,64,93,28.5,overcast clouds
658,Yumen,CN,40.2833,97.2,15.85,78,100,7.09,overcast clouds
659,Yeniseysk,RU,58.4497,92.1703,-5.26,93,100,4.27,overcast clouds
660,Manokwari,ID,-0.8667,134.0833,80.46,78,100,3.04,overcast clouds
661,Ribeira Brava,PT,32.65,-17.0667,63.23,82,20,19.84,few clouds
662,Puerto Escondido,MX,15.85,-97.0667,79.63,73,75,5.75,broken clouds
663,Madingou,CG,-4.1536,13.55,70.72,94,100,0.51,overcast clouds
664,Magalia,US,39.8121,-121.5783,40.75,79,100,2.37,overcast clouds
665,Sao Miguel Do Araguaia,BR,-13.275,-50.1628,71.33,95,100,8.32,overcast clouds
666,Alexandria,EG,31.2156,29.9553,65.88,75,6,5.88,clear sky
667,Tateyama,JP,34.9833,139.8667,49.41,50,21,4.76,few clouds
668,Mumford,GH,5.2618,-0.759,79.02,86,5,7.45,light rain
669,Shubarkuduk,KZ,49.1447,56.4872,11.62,83,5,7.18,clear sky
670,Pundaguitan,PH,6.3711,126.1689,81.52,79,100,12.68,moderate rain
671,Ambovombe,MG,-25.1667,46.0833,70.95,86,61,2.3,broken clouds
672,Hirado,JP,33.3597,129.5531,47.39,58,91,13.09,overcast clouds
673,Cartagena,CO,10.3997,-75.5144,80.22,83,20,6.91,few clouds
674,El Rosario,MX,24.2556,-107.1828,61.75,56,48,7.05,scattered clouds
675,Kourou,GF,5.1552,-52.6478,78.85,87,96,9.44,overcast clouds
676,Raahe,FI,64.6833,24.4833,3.29,85,100,3.24,light snow
677,Magadan,RU,59.5667,150.8,-3.8,81,96,17.63,overcast clouds
678,Waingapu,ID,-9.6567,120.2641,85.21,66,100,2.15,overcast clouds
679,Netivot,IL,31.4222,34.5886,61.86,67,38,4.79,scattered clouds
680,Zlitan,LY,32.4674,14.5687,69.8,51,99,8.55,overcast clouds
681,Kabare,CD,-2.4683,28.8242,57.4,95,12,2.15,few clouds
682,Nsanje,MW,-16.92,35.262,73.31,88,13,3.09,few clouds
683,Cayhagan,PH,9.6697,122.4256,82.22,75,74,10.63,broken clouds
684,Coari,BR,-4.085,-63.1414,77.05,86,100,2.8,overcast clouds
685,Grindavik,IS,63.8424,-22.4338,23.47,68,0,11.5,light snow
686,Ust-Nera,RU,64.5667,143.2,-47.87,99,79,2.8,broken clouds
687,Partenit,UA,44.578,34.3446,40.87,79,96,10.11,overcast clouds
688,Santa Marta,CO,11.2408,-74.199,82.89,74,100,5.99,overcast clouds
689,Cusuna,HN,15.85,-85.2333,74.8,82,2,8.32,clear sky
690,Soyo,AO,-6.1349,12.3689,76.32,87,89,3.96,overcast clouds
691,Boende,CD,-0.2167,20.8667,67.84,97,22,2.39,few clouds
692,Vung Tau,VN,10.346,107.0843,77.58,76,31,1.95,scattered clouds
693,Abu Samrah,SY,35.3029,37.1841,54.14,78,80,3.2,broken clouds
694,Kaunas,LT,54.9,23.9,14.18,85,6,5.75,clear sky
695,Westport,US,41.1415,-73.3579,35.58,62,0,12.66,clear sky
696,Paramonga,PE,-10.6667,-77.8333,70.52,81,82,5.46,broken clouds
697,Anloga,GH,5.7947,0.8973,80.83,80,100,10.02,light rain
698,Isla Vista,US,34.4133,-119.861,56.79,79,0,6.91,clear sky
699,Bouar,CF,5.934,15.596,63.7,30,27,1.01,scattered clouds
700,Ayorou,NE,14.7308,0.9174,71.96,11,100,8.52,overcast clouds
